"length","LinSpaceCode (deletions)","LinSpaceCode (seconds)",LinSpaceCode (codewords),"LogSpaceCode (deletions)","LogSpaceCode (seconds)",LogSpaceCode (codewords)
50,16,9.131431579589844e-05,6,19,0.0,6
100,36,0.00032703081766764325,7,41,0.0,7
150,59,0.0,8,67,0.0,8
200,79,0.0,8,87,0.0,8
250,99,0.0,8,101,0.0,8
300,99,0.0003333091735839844,9,139,0.0,9
350,116,0.0,9,159,0.0,9
400,133,0.0,9,177,0.0,9
450,149,0.0,9,193,0.0,9
500,166,0.000339508056640625,9,209,0.0003666083017985026,9
