"length","VTRepetitionCode (2-ary) (deletions)","VTRepetitionCode (2-ary) (seconds)","VTRepetitionNaryCode (4-ary) (deletions)","VTRepetitionNaryCode (4-ary) (seconds)","VTRepetitionNaryCode (8-ary) (deletions)","VTRepetitionNaryCode (8-ary) (seconds)"
50,9,0.003999074300130208,2,0.013491630554199219,1,0.013279279073079428
100,9,0.008196512858072916,4,0.025671720504760742,3,0.02736075719197591
150,19,0.012556234995524088,2,0.03905948003133138,4,0.04060824712117513
200,29,0.01671441396077474,8,0.0504459540049235,5,0.05489961306254069
250,39,0.02036603291829427,10,0.0650950272878011,6,0.07087175051371257
