"length","VTRepetitionCode (2-ary) (deletions)","VTRepetitionCode (2-ary) (seconds)","VTRepetitionNaryCode (4-ary) (deletions)","VTRepetitionNaryCode (4-ary) (seconds)","VTRepetitionNaryCode (8-ary) (deletions)","VTRepetitionNaryCode (8-ary) (seconds)"
50,9,0.004334449768066406,2,0.01348551114400228,1,0.013759374618530273
100,9,0.008216619491577148,4,0.026944796244303387,3,0.028645992279052734
150,19,0.013050397237141928,2,0.04055643081665039,4,0.04605515797932943
200,29,0.018984079360961914,8,0.05577969551086426,5,0.06191110610961914
250,39,0.02236199378967285,10,0.07111581166585286,6,0.09367585182189941
