"length","VTRepetitionCode (2-ary) (deletions)","VTRepetitionCode (2-ary) (seconds)","VTRepetitionNaryCode (4-ary) (deletions)","VTRepetitionNaryCode (4-ary) (seconds)","VTRepetitionNaryCode (8-ary) (deletions)","VTRepetitionNaryCode (8-ary) (seconds)"
50,9,0.012206633885701498,2,0.03170243899027506,1,0.08894650141398112
100,9,0.03836862246195475,4,0.11354327201843262,3,0.04555837313334147
150,19,0.0237884521484375,2,0.04123624165852865,4,0.044759114583333336
200,29,0.01804653803507487,8,0.05461303393046061,5,0.05634260177612305
250,39,0.020039478937784832,10,0.06366483370463054,6,0.06881197293599446
