"length","VTRepetitionCode (2-ary) (deletions)","VTRepetitionCode (2-ary) (seconds)","VTRepetitionNaryCode (4-ary) (deletions)","VTRepetitionNaryCode (4-ary) (seconds)","VTRepetitionNaryCode (8-ary) (deletions)","VTRepetitionNaryCode (8-ary) (seconds)"
50,9,0.002591848373413086,2,0.009149948755900065,1,0.009802738825480143
100,9,0.0050131479899088545,4,0.01967763900756836,3,0.020370086034138996
150,19,0.00762478510538737,2,0.037261644999186196,4,0.032995144526163735
200,29,0.01008915901184082,8,0.04025101661682129,5,0.0407408078511556
250,39,0.012496074040730795,10,0.04693682988484701,6,0.050932884216308594
